date,views,view_uniques,clones,clone_uniques,release_downloads,releases,stars,forks,note
2026-08-25,0,0,0,0,,,,,
2026-08-26,0,0,0,0,,,,,
2026-08-27,0,0,0,0,,,,,
2026-08-28,0,0,0,0,,,,,
2026-08-29,0,0,0,0,,,,,
2026-08-30,0,0,0,0,,,,,
2026-08-31,0,0,0,0,,,,,
2026-09-01,0,0,0,0,,,,,
2026-09-02,0,0,0,0,,,,,
2026-09-03,0,0,0,0,,,,,
2026-09-04,0,0,0,0,,,,,
2026-09-05,0,0,0,0,,,,,
2026-09-06,0,0,0,0,,,,,
2026-09-07,14,3,148,61,3,2,0,0,
2026-09-08,1,1,32,16,7,2,1,0,
2026-09-09,1,1,7,4,13,2,1,0,
2026-09-10,0,0,13,9,14,2,1,0,
2026-09-11,0,0,19,12,15,2,1,0,
2026-09-12,0,0,23,16,16,2,1,0,
2026-09-13,1,1,15,9,17,2,1,0,
2026-09-14,0,0,7,5,20,2,1,0,
2026-09-15,0,0,7,4,21,2,1,0,
2026-09-16,0,0,6,4,23,2,1,0,
2026-09-17,,,,,26,2,1,0,
